metric,value
Total Customers,25000.0
Baseline Total CLV (5yr),2230092441.1078057
Wellness Total CLV (5yr),2439693948.8957853
Total CLV Lift,209601507.78797954
Total Program Cost (5yr),18859164.177807026
Net Benefit,190742343.6101725
ROI (%),1111.4040145778738
